product_id,product_name,category_id,price
1,Fill Ability,7,171.0
2,,7,183.84
3,,2,169.84
4,Case Environmental,4,294.43
5,Ago Common,2,388.66
6,Expert Black,3,348.03
7,Hard Similar,6,395.21
8,They Almost,5,190.66
9,Poor On,7,193.24
10,Others Beyond,8,191.32
11,Environment Best,2,164.65
12,Contain Politics,5,485.4
13,Begin Same,2,339.04
14,Low Develop,2,414.17
15,Large Mission,3,135.99
16,Plant Court,6,157.93
17,Federal Popular,1,340.25
18,Cold Same,8,285.23
19,Minute Anything,6,185.7
20,,1,73.65
21,Pattern Whether,4,400.59
22,Method Soldier,6,383.66
23,He Walk,8,360.37
24,Official Red,5,456.32
25,Performance Dark,3,275.39
26,Eye Place,4,166.56
27,Line Care,3,270.06
28,Involve Student,1,181.16
29,Majority Study,3,376.91
30,Brother Certain,6,78.55
31,Not Condition,5,445.64
32,Either Speech,3,13.39
33,Out Service,6,256.18
34,Camera South,5,484.07
35,Lot Cell,3,376.57
36,Spring Direction,5,48.56
37,Chair I,2,344.34
38,Task Five,2,474.86
39,Particularly See,8,456.79
40,Note Relate,1,171.26
41,Treatment Light,7,331.48
42,Ten Billion,4,147.17
43,Become Few,4,409.34
44,Whether Into,6,185.7
45,Sister Politics,2,391.1
46,Include Professor,4,411.3
47,Event Lot,6,67.61
48,Must Court,4,87.88
49,Act Recognize,7,294.3
50,Too Development,5,382.28
51,State But,6,150.69
52,Old Same,2,328.45
53,Represent Staff,1,302.58
54,Knowledge Store,5,34.52
55,Language Wait,8,84.45
56,Necessary Herself,2,389.67
57,Course Interesting,7,238.27
58,Film Control,4,142.5
59,Pick Around,3,362.73
60,Decision Grow,7,67.46
61,,6,238.43
62,,5,285.35
63,,7,39.84
64,Opportunity Participant,7,187.49
65,Home Same,1,1787.0
66,Agreement Election,3,162.93
67,After Beautiful,7,234.1
68,Study Top,3,25.41
69,These Page,8,51.26
70,North Age,3,441.68
71,Run Open,3,252.59
72,News Serious,6,295.94
73,Rather Lot,6,243.8
74,Note Blood,7,391.22
75,Special Character,8,267.08
76,Method Strategy,2,148.3
77,Drive Since,7,188.83
78,Rather Girl,4,76.42
79,Plan Goal,6,481.05
80,Per Resource,2,352.41
81,Air Ok,5,215.78
82,Network Discuss,7,443.44
83,Focus Although,8,420.59
84,Also As,2,130.02
85,East Forget,1,297.6
86,Gun Way,7,281.61
87,Man Loss,3,122.36
88,Sport Network,2,49.27
89,Course Thought,3,24.85
90,Suddenly From,3,23.8
91,Learn Opportunity,3,95.54
92,How Deep,8,115.48
93,Television Because,7,229.41
94,As Western,5,469.38
95,Real Hour,6,292.22
96,Respond Culture,8,225.17
97,Light Pass,8,47.21
98,Police Step,3,52.99
99,Write Rest,8,239.82
100,Or Message,1,286.69
101,Population Wrong,5,27.32
102,Number Key,5,396.8
103,However Eye,3,488.55
104,Watch Deal,8,303.95
105,Hope Product,2,69.76
106,Open Doctor,8,417.82
107,So Face,3,57.04
108,For War,3,482.52
109,Little Growth,5,43.98
110,Nor Administration,1,380.68
111,Return Heavy,8,67.39
112,Else Realize,4,468.67
113,Maintain Region,7,497.97
114,Manager Executive,1,219.63
115,Land Memory,1,149.51
116,Ago Reflect,5,27.09
117,Control Change,8,255.05
118,Significant Dog,2,56.09
119,Ability Purpose,3,349.32
120,Course Firm,2,123.46
121,Affect Even,7,88.79
122,Evening Political,8,371.86
123,Report Above,8,70.56
124,Window Century,7,395.25
125,Sell Operation,8,465.69
126,Law Challenge,2,160.66
127,Tv Speak,3,492.94
128,Time Indeed,4,34.09
129,American Political,8,439.69
130,Play Thought,3,115.7
131,Almost Increase,7,285.49
132,Much Affect,1,434.13
133,Office Commercial,5,355.83
134,,2,484.27
135,Else Produce,7,113.18
136,Go More,7,288.28
137,Itself Impact,5,244.8
138,Soldier Difficult,4,428.01
139,Clear Option,5,479.8
140,Best Cultural,3,272.71
141,Indicate History,3,135.64
142,Man Fight,2,284.75
143,Suggest Help,1,467.23
144,Unit Campaign,4,1787.0
145,School Remain,3,109.07
146,Owner Figure,4,195.08
147,Region Fall,8,470.37
148,Management Husband,4,349.5
149,Single Form,8,174.05
150,Personal Sit,7,191.59
151,Medical Popular,2,464.56
152,Model Research,2,318.41
153,Share Compare,8,209.65
154,During Seat,2,372.4
155,Be Answer,5,276.56
156,Your Option,6,154.33
157,Project Record,2,363.13
158,,4,234.42
159,Seven Kitchen,1,51.94
160,Financial Term,5,387.86
161,West Politics,7,339.06
162,Admit Away,6,425.83
163,,4,403.4
164,Discussion Record,7,347.9
165,Development Heart,2,107.13
166,Worry Edge,2,84.45
167,Buy Financial,1,165.13
168,It Expect,8,10.55
169,Team Week,3,136.0
170,Scene Left,5,391.08
171,Too Around,1,232.84
172,Place Good,5,19.2
173,,6,249.68
174,Although Might,7,336.33
175,There Attorney,5,478.33
176,Window Floor,7,328.59
177,Television Present,7,188.0
178,People Any,1,136.25
179,Good Best,2,348.66
180,Age Well,6,385.81
181,Establish Hospital,5,263.07
182,Its Television,3,42.1
183,Strategy Try,4,173.45
184,Hope To,1,223.66
185,Various Them,8,118.96
186,Actually Security,4,314.34
187,Million Thing,6,139.91
188,War Toward,2,214.65
189,Country First,1,175.52
190,Bar Rich,3,437.29
191,Executive Site,7,127.91
192,Son Factor,7,65.56
193,Style Purpose,2,268.37
194,Reveal Opportunity,1,280.96
195,Age Article,7,259.87
196,,3,222.75
197,So Fill,7,431.05
198,Never Force,8,370.59
199,Democratic Mother,7,1787.0
200,Forget My,3,191.44
201,Machine Too,2,105.71
202,Worry Speech,1,47.58
203,Certain Experience,4,306.06
204,Else Author,3,488.97
205,Opportunity Deal,2,455.96
206,Care Fill,3,299.79
207,No Yet,5,271.87
208,Agent Box,1,336.21
209,Above All,4,96.94
210,Federal Community,8,389.58
211,Kind Feeling,2,1787.0
212,Letter When,8,100.83
213,Speak Step,1,146.17
214,Several More,7,441.92
215,Plant Doctor,6,237.91
216,Toward Black,8,372.18
217,Join Court,8,345.1
218,Point Example,2,283.73
219,North Price,7,29.91
220,,8,40.06
221,We Lead,7,316.68
222,Finally Ball,2,152.7
223,Floor Phone,8,488.79
224,,3,79.52
225,Effort Crime,4,281.4
226,Worker Perform,5,288.5
227,Majority Rate,5,445.44
228,Close Paper,5,392.87
229,,1,201.52
230,Above Stock,7,68.33
231,,4,459.13
232,Market Feel,7,394.67
233,There Record,3,118.78
234,Change Blue,2,107.08
235,Beyond Show,3,340.58
236,Blue Everything,8,395.23
237,Increase Spring,5,353.33
238,Election Wide,4,58.28
239,Democrat Finally,7,496.91
240,Knowledge Baby,5,41.31
241,Cover Activity,6,233.65
242,Current Similar,3,1787.0
243,Listen Pick,4,355.12
244,This Now,6,63.6
245,Understand Always,4,433.17
246,Modern Mean,6,19.97
247,Onto Memory,6,261.52
248,Improve Find,3,279.82
249,,6,373.14
250,Phone Hundred,8,30.0
251,Then Provide,1,54.25
252,Color Significant,5,105.15
253,Easy Current,6,16.96
254,Day Population,7,124.99
255,Technology Stock,1,44.05
256,Else Statement,6,37.68
257,Wife Blue,2,421.1
258,Response Institution,1,266.41
259,,1,485.12
260,Suddenly Two,4,329.71
261,Pay Couple,3,129.48
262,Program Word,4,325.52
263,Brother Sing,5,42.97
264,Short Bill,3,256.16
265,Population Management,6,318.53
266,Language Million,3,487.27
267,Clearly All,6,156.16
268,,5,410.44
269,However Television,6,42.05
270,Mother Total,2,87.35
271,Room Teach,8,380.2
272,Every West,8,114.88
273,World Win,4,183.32
274,Admit Fear,6,347.25
275,But Relate,4,339.89
276,Hand Letter,2,47.24
277,Of Tend,3,11.52
278,Court Ten,4,237.52
279,Painting Third,5,256.83
280,Wish Including,5,195.68
281,Same Guess,4,446.24
282,Near Current,4,95.56
283,,6,492.59
284,Within Third,7,186.66
285,Respond Few,6,34.3
286,Experience Town,8,315.93
287,Enough Deep,7,286.95
288,Be Group,1,269.33
289,Example Level,6,481.77
290,Garden Many,1,312.03
291,Get Material,7,369.48
292,Story Fall,4,179.21
293,Reduce Short,7,136.22
294,Garden Method,6,188.04
295,Up Human,3,112.62
296,Young Energy,3,305.22
297,Fly Fine,8,381.5
298,Strong Much,4,101.76
299,Push Clearly,3,225.87
300,Have Better,6,351.81
6,Expert Black,3,348.03
184,Hope To,1,223.66
167,Buy Financial,1,165.13
77,Drive Since,7,188.83
127,Tv Speak,3,492.94
266,Language Million,3,487.27
120,Course Firm,2,123.46
123,Report Above,8,70.56
224,,3,79.52
28,Involve Student,1,181.16
